Designator,Footprint,Quantity,Value,LCSC Part #
J10_2,1x03_16AWG_Wire2Board,1,SINK5,
J10,1x03_16AWG_Wire2Board,1,SINK5,
J5_2,RJ45_5501-88011111,1,RJ45_SINK5,C3097726
J4_2,RJ45_5501-88011111,1,RJ45_SINK4,C3097726
J8_2,1x03_16AWG_Wire2Board,1,SINK3,
J7_2,1x03_16AWG_Wire2Board,1,SINK2,
J12,RJ45_5501-88011111,1,RJ45_SOURCE2,C3097726
J18,"TerminalBlock_Phoenix_MKDS-1,5-4-5.08_1x04_P5.08mm_Horizontal",1,5V_BUCK,
JP1,PinHeader_1x03_P2.54mm_Vertical,1,LOGIC_V_1,
J19,"TerminalBlock_Phoenix_MKDS-1,5-4-5.08_1x04_P5.08mm_Horizontal",1,POWER_RAILS,
J2_2,RJ45_5501-88011111,1,RJ45_SINK2,C3097726
J13,RJ45_5501-88011111,1,RJ45_SOURCE3,C3097726
JP4,PinHeader_1x03_P2.54mm_Vertical,1,LOGIC_VOLTAGE,
J8,1x03_16AWG_Wire2Board,1,SINK3,
J6_2,1x03_16AWG_Wire2Board,1,SINK1,
J4,RJ45_5501-88011111,1,RJ45_SINK4,C3097726
JP18,PinHeader_1x02_P2.54mm_Vertical,1,P24V_1,
J15,RJ45_5501-88011111,1,RJ45_SOURCE5,C3097726
JP9,PinHeader_1x02_P2.54mm_Vertical,1,P5V_1,
JP3,PinHeader_1x03_P2.54mm_Vertical,1,LOGIC_VOLTAGE,
J9_2,1x03_16AWG_Wire2Board,1,SINK4,
J1_2,RJ45_5501-88011111,1,RJ45_SINK1,C3097726
J7,1x03_16AWG_Wire2Board,1,SINK2,
JP6,PinHeader_1x02_P2.54mm_Vertical,1,P5V_1,
J11,RJ45_5501-88011111,1,RJ45_SOURCE1,C3097726
JP20,PinHeader_1x02_P2.54mm_Vertical,1,P24V_1,
J1,RJ45_5501-88011111,1,RJ45_SINK1,C3097726
JP13,PinHeader_1x02_P2.54mm_Vertical,1,P12V_1,
J3_2,RJ45_5501-88011111,1,RJ45_SINK3,C3097726
JP5,PinHeader_1x03_P2.54mm_Vertical,1,LOGIC_VOLTAGE,
JP16,PinHeader_1x02_P2.54mm_Vertical,1,P24V_1,
JP8,PinHeader_1x02_P2.54mm_Vertical,1,P5V_1,
J9,1x03_16AWG_Wire2Board,1,SINK4,
J16,"TerminalBlock_Phoenix_MKDS-1,5-2-5.08_1x02_P5.08mm_Horizontal",1,24VIN,
JP10,PinHeader_1x02_P2.54mm_Vertical,1,P5V_1,
J17,"TerminalBlock_Phoenix_MKDS-1,5-4-5.08_1x04_P5.08mm_Horizontal",1,12V_BUCK,
JP19,PinHeader_1x02_P2.54mm_Vertical,1,P24V_1,
J2,RJ45_5501-88011111,1,RJ45_SINK2,C3097726
J3,RJ45_5501-88011111,1,RJ45_SINK3,C3097726
JP15,PinHeader_1x02_P2.54mm_Vertical,1,P12V_1,
JP11,PinHeader_1x02_P2.54mm_Vertical,1,P12V_1,
JP2,PinHeader_1x03_P2.54mm_Vertical,1,LOGIC_V_2,
J5,RJ45_5501-88011111,1,RJ45_SINK5,C3097726
JP7,PinHeader_1x02_P2.54mm_Vertical,1,P5V_2,
J6,1x03_16AWG_Wire2Board,1,SINK1,
JP17,PinHeader_1x02_P2.54mm_Vertical,1,P24V_2,
JP14,PinHeader_1x02_P2.54mm_Vertical,1,P12V_1,
JP12,PinHeader_1x02_P2.54mm_Vertical,1,P12V_2,
J14,RJ45_5501-88011111,1,RJ45_SOURCE4,C3097726
